DonorID;HLA-DRB1;HLA-DRB1-1;HLA-DRB3;HLA-DRB3-1;HLA-DRB4;HLA-DRB4-1;HLA-DRB5;HLA-DRB5-1;HLA-DQB1;HLA-DQB1-1;HLA-DPB1;HLA-DPB1-1;HLA-DQA1;HLA-DQA1-1;HLA-DPA1;HLA-DPA1-1
2838;*01:01/50/62N/64/65/67/70-72;*01:02/43;NA;NA;NA;NA;NA;NA;NA;NA;NA;NA;NA;NA;NA;NA
8953;*07:01/31/33/34/38/40/41/43/48-51/55/58N/59-63/66/68N;*13:01/105/112/117/166/173/186/190/200N/201/205/213/215/218;NA;NA;NA;NA;NA;NA;NA;NA;NA;NA;NA;NA;NA;NA
9076;*01:01/50/62N/64/65/67/70-72;*14:01/54/113/114/125/142/151/157/168;NA;NA;NA;NA;NA;NA;NA;NA;NA;NA;NA;NA;NA;NA
8980;*01:01/50/62N/64/65/67/70-72;*03:01/50/68N/83/100/104/112/114/116/117/124/127/132;NA;NA;NA;NA;NA;NA;NA;NA;NA;NA;NA;NA;NA;NA
2328;*14:04/148;-;NA;NA;NA;NA;NA;NA;NA;NA;NA;NA;NA;NA;NA;NA
3366;*11:04/181/187/198;*13:01/105/112/117/166/173/183/185N/186/190/200N/201/205/213/215/218;NA;NA;NA;NA;NA;NA;NA;NA;NA;NA;NA;NA;NA;NA
5910;*03:01/50/68N/83/100/104/107/112/114/116/117/121/124/127/132;*15:01/02/85/86/106-108/111/112/114/123/124/127/132/134N;NA;NA;NA;NA;NA;NA;NA;NA;NA;NA;NA;NA;NA;NA
5480;*03:01/50/68N/71/83/95/99/100/104/107/108/112-114/116/117/120/121/124/127/132;-;NA;NA;NA;NA;NA;NA;NA;NA;NA;NA;NA;NA;NA;NA
5037;*07:01/31/33-35/38/40/41/43/48-51/55/56/58N/59-63/66/68N;*11:01/97/100/117/155/157/158/169N/178/186/199;NA;NA;NA;NA;NA;NA;NA;NA;NA;NA;NA;NA;NA;NA
9471;*08:01/39/55/77/79;*16:01/25/26/28;NA;NA;NA;NA;NA;NA;NA;NA;NA;NA;NA;NA;NA;NA
8145;*08:01/39/55/77/79;*11:01/97/100/117/154/155/157/158/162/166/169N/178/186/188/199;NA;NA;NA;NA;NA;NA;NA;NA;NA;NA;NA;NA;NA;NA
1258;*03:01/50/68N/83/100/104/112/114/116/117/121/124/127/132;*04:03/11/52/181/195/198;NA;NA;NA;NA;NA;NA;NA;NA;NA;NA;NA;NA;NA;NA
4870;*07:01/31/33/34/38/40/41/43/48-51/55/58N/59-63/66/68N;*11:04/181/187/198;NA;NA;NA;NA;NA;NA;NA;NA;NA;NA;NA;NA;NA;NA
1758;*07:01/31/33-41/43-46/48-51/54-57/58N/59-64/66/67/68N/69/70;-;Not Tested;Not Tested;Not Tested;Not Tested;Not Tested;Not Tested;Not Tested;Not Tested;Not Tested;Not Tested;Not Tested;Not Tested;Not Tested;Not Tested
5272;*04:04/23/157N/177/182;*04:07/92/197;Not Tested;Not Tested;Not Tested;Not Tested;Not Tested;Not Tested;Not Tested;Not Tested;Not Tested;Not Tested;Not Tested;Not Tested;Not Tested;Not Tested
7138;*04:01/63/151/171/175/190/192;*11:01/97/100/117/154/155/157/158/166/169N/175/178/186/199;Not Tested;Not Tested;Not Tested;Not Tested;Not Tested;Not Tested;Not Tested;Not Tested;Not Tested;Not Tested;Not Tested;Not Tested;Not Tested;Not Tested
7620;*01:01/50/62N/64/65/67/70-72;*03:01/50/68N/83/100/104/112/114/116/117/124/127/132;Not Tested;Not Tested;Not Tested;Not Tested;Not Tested;Not Tested;Not Tested;Not Tested;Not Tested;Not Tested;Not Tested;Not Tested;Not Tested;Not Tested
6538;*04:04/23/157N/182;*07:01/31/33/34/38/40/41/43/46/48-51/55/58N/59-63/66/68N;Not Tested;Not Tested;Not Tested;Not Tested;Not Tested;Not Tested;Not Tested;Not Tested;Not Tested;Not Tested;Not Tested;Not Tested;Not Tested;Not Tested
3071;*03:01/50/68N/83/100/104/107/112/114/116/117/121/124/127/132;*15:01/02/85/86/106-108/111/112/114/123/124/127/132/134N;Not Tested;Not Tested;Not Tested;Not Tested;Not Tested;Not Tested;Not Tested;Not Tested;Not Tested;Not Tested;Not Tested;Not Tested;Not Tested;Not Tested
6647;*13:03P;*15:03P;*02:02/28/29N;-;-;-;*01:01/15;-;*02:02/12;*06:02/84/109/111/113-117/127;*18:01;*105:01;*01:02:01G;*02:01;*01:03/12;*03:01/02
3196;*03:02/102/115;*13:02/128;*01:01/04/16;*03:01:01G;-;-;-;-;*04:02P;*06:04P;*01:01:01G;*17:01;*01:02:01G;*04:01:01G;*02:01P;-
9484;*07:01/31/33-35/38/40/41/43-46/48-51/54-57/58N/59-61;*09:01/09/21/24;-;-;*01:01/03/06/08/09;-;-;-;*02:02/12/13/15-17/18N/19/20N/21-26/28-47/49-52/54-56/58N/60/61;-;*01:01/417:01/436:01;-;*02:01;*03:01:01G;*02:02P;-
1402;*04:02P;*13:03P;*01:01/04/16;-;*01:01P;-;-;-;*03:01/04/14/27-29/35/42/44/47/49-51/73/80/83/84N/92-94/114-116/119/138/165/169/182/191;*03:02/62-64/67/68/81/85/106/107/113/125/146/153/161/174/175/178/184/185/189/190;*09:01/289:01;*15:01:01;*03:01:01;*05:01:01G;*01:04;*02:01P
5540;*11:01/97/100/117/154/155/157/158/166/169N/178;*15:01/74/85/86/106-108/110-112/114/123;*02:02/28/29N;-;-;-;*01:01/15;-;*03:01/27-29/35/42/44/47/49-51/73/83/84N/92-94/114-116/119/165/169/182/191;*06:02/84/107/109/111/113-117/127;*04:01/418:01/425:01/426:01/427:01/428:01/434:01/453:01/454:01/455:01/456:01/459:01/464:01;-;*01:01/02/08/09/11;*05:01:01G;*01:03/13;-
3123;*07:01/31/33/34/38/40/41/43/48-51/55/58N/59-61;*11:04/181;*02:02/28/29N;-;*01:01P;-;-;-;*02:02/12;*03:01/27-29/35/42/44/47/49-51/73/83/84N/92-94/114-116/165/169/182/191;*01:01/417:01/440:01;*04:01P;*02:01;*05:01:01G;*01:03P;*02:02P
4437;*12:02/50;*13:01/105/112/117/166/173/185N/186/190/200N/201;*01:01/04/16;*03:01:01G;-;-;-;-;*03:01/10/27-29/35/42/44/47/49-51/73/83/84N/92-94/114-116/119/165/169/180/182/191;*03:03/31/33/34/39/65/86-89/91Q/96-98/99Q/104/105/111/113/117/123/124/126/136/145/156/168/176/177;*03:01/104:01/439:01;*14:01/445:01/446:01;*03:01:01G;*06:01P;*01:03/13;*02:01P
8472;*07:01/31/33/34/38-41/43/46/48-51/55/58N/59-61;*14:04P;*02:02/28/29N;-;*01:01P;-;-;-;*02:02/12;*05:03/08/10/15/16/38-40/41N/42/43/56/78/96;*02:01/419:01/423:01/432:01/433:01/441:01/444:01/452:01/457:01;*04:02/105:01/420:01/424:01/429:01;*01:01:01G;*03:01:01G;*01:03/12;*03:01/02
3557;*08:02P;*14:07P;*02:02/28/29N;-;-;-;-;-;*04:02P;*05:03/08/10/15/16/39/40/41N/42/43/56/78/96;*02:01/433:01/444:01/452:01/457:01;*04:01/418:01/426:01/428:01/434:01/453:01/454:01/455:01/459:01/464:01;*01:01:01G;*04:01:01G;*01:03/13;-
1982;*08:03/56/62/71/74;*15:01/74/85/86/106-108/110-112/114/123;-;-;-;-;*01:01/15;-;*06:01/43/99/100-101/102N/104/105;*06:02/84/109/111/113-117/127;*02:01/421:01/430:01/433:01/444:01/452:01/457:01;*02:02;*01:01/02/08/09/11;*01:03/10;*01:03P;*02:02P
6856;*08:02P;*10:01/06/09/12/15;-;-;-;-;-;-;*04:02P;*05:01/12/18/27/30-32/44/45;*03:01:01G;*04:02/257:01/463:01;*01:01:01G;*04:01:01G;*01:03/13;-
6804;*08:02P;*14:06P;*01:01/04/16;-;-;-;-;-;*03:01/10/27-29/35/42/44/47/49-51/73/83/84N/92-94/114-116/139/165/169/182/186/191;*04:02/09/11/13/18-24/25N/26/28/29;*04:02:01G;*05:01:01G;*04:01:01G;*05:01:01G;*01:03/13;*02:01P
3505;*15:01/74/85/86/106-108/110-112/113N/114/123;*15:02P;-;-;-;-;*01:01/15;*01:02:01G;*06:01/43/99/100-101/102N/104/105;*06:02/84/109/111/113-117/127;*02:01P;*04:02:01G;*01:01/02/08/09/11;*01:03/10;*01:03/13;-
9307;*01:01/50/62N/64/65/67/70/71;*11:01/97/100/117/155/157/158/169N/178;*02:02/28/29N;-;-;-;-;-;*05:01/07/12/18/20/22/25/27/29-32/44/45/48/54/55/61/68/72-76/80/81/84/88/89/92;*06:02/72-74/79/80/84/95/97/109/111/113-117/124/126/127/137/138/146/150/152/159/161/173/179N;*01:01/417:01/440:01/462:01;*04:02:01G;*01:01:01G;*01:02:01G;*01:03P;*02:02P
2015;*07:01/31/33/34/38/40/41/43/48-51/55/58N/59-61;*13:01/105/112/117/166/173/186/190/200N/201;*02:02/28/29N;-;*01:01P;-;-;-;*02:02/12;*06:03/41/90/110/148;*01:01/417:01/440:01;*04:01P;*01:03/10;*02:01;*01:03P;*02:02P
2013;*01:03;*03:01/50/68N/83/100/104/112/114/116/117;*01:01/04/16;-;-;-;-;-;*02:01/07/14/27/53Q/57;*05:01/12/18/27/30-32/44/45;*03:01:01G;*04:01P;*01:01:01G;*05:01P;*01:03P;*01:03/13
7115;*11:04/98/123/156/181;-;*02:02/28/29N;-;-;-;-;-;*03:01/10/24/27-29/35/36/42/44/46-60/69/71/73/75-78/82/83/84N/92-94/101-103/108/109/114-116/118N/119-122/127-131/133-135/139/140/142/143/147/148/150-152/154/157-160/162-167/169-171/173/182/183/186-188/191;-;*02:01P;*15:01:01;*05:01:01G;-;*01:03/13;*01:04
5412;*07:01/31/33-35/38/40/41/43-46/48-51/54-57/58N/59-61;*09:01/09/21/24;-;-;*01:01/03/06/08/09;-;-;-;*02:02/12;*03:03/31/33/34/39/86-89/91Q/96-98/99Q/105/117/168;*01:01/417:01/440:01;*04:01P;*02:01;*03:01:01G;*01:03/13;*02:01P
9375;*15:01/74/85/86/106-108/110-112/113N/114/123;-;-;-;-;-;*01:01/15;-;*06:02/68/70-74/75N/76/77N/78/80/81/83/84/95-97/106/107/109/111/112N/113-117/124/126/127/131/136-138/146/147/150-152/159/161/166/173/174/178/179N/182;-;*02:01/433:01/444:01/452:01/457:01;*04:01/418:01/426:01/428:01/434:01/453:01/454:01/455:01/459:01/464:01;*01:01/02/08/09/11;-;*01:03/13;-
2843;*11:01/97/100/117/154/155/157/158/166/169N/178;*15:01/74/85/86/106-108/110-112/114/123;*02:02/28/29N;-;-;-;*01:01/15;-;*03:01/27-29/35/42/44/47/49-51/73/83/84N/92-94/114-116/119/165/169/182/191;*06:02/84/107/109/111/113-117/127;*02:01/433:01/444:01/452:01/457:01;*04:01/418:01/426:01/428:01/434:01/453:01/454:01/455:01/459:01/464:01;*01:01/02/08/09/11;*05:01:01G;*01:03/13;-
